dataset,algorithm,n,time_us,char_comps
random,QuickSort,100,5,2602
random,MergeSort,100,40,603
random,StringQuickSort,100,10,755
random,StringMergeSort,100,37,1199
random,MSDRadix,100,24,177
random,MSDRadixQuick,100,14,201
random,QuickSort,200,13,5773
random,MergeSort,200,99,1516
random,StringQuickSort,200,21,1591
random,StringMergeSort,200,115,2938
random,MSDRadix,200,52,398
random,MSDRadixQuick,200,27,521
random,QuickSort,300,21,7876
random,MergeSort,300,172,2540
random,StringQuickSort,300,32,2521
random,StringMergeSort,300,1152,4867
random,MSDRadix,300,82,622
random,MSDRadixQuick,300,45,919
random,QuickSort,400,30,10980
random,MergeSort,400,245,3692
random,StringQuickSort,400,44,3585
random,StringMergeSort,400,258,6969
random,MSDRadix,400,101,839
random,MSDRadixQuick,400,74,1346
random,QuickSort,500,45,15436
random,MergeSort,500,331,4895
random,StringQuickSort,500,63,5044
random,StringMergeSort,500,342,9147
random,MSDRadix,500,122,1052
random,MSDRadixQuick,500,80,1831
random,QuickSort,600,65,17150
random,MergeSort,600,420,6121
random,StringQuickSort,600,78,5818
random,StringMergeSort,600,419,11286
random,MSDRadix,600,141,1274
random,MSDRadixQuick,600,134,2351
random,QuickSort,700,92,21756
random,MergeSort,700,493,7456
random,StringQuickSort,700,86,7185
random,StringMergeSort,700,505,13708
random,MSDRadix,700,175,1497
random,MSDRadixQuick,700,113,2871
random,QuickSort,800,88,26257
random,MergeSort,800,576,8836
random,StringQuickSort,800,96,8145
random,StringMergeSort,800,596,16078
random,MSDRadix,800,189,1717
random,MSDRadixQuick,800,120,3451
random,QuickSort,900,101,29094
random,MergeSort,900,657,10215
random,StringQuickSort,900,107,9284
random,StringMergeSort,900,689,18492
random,MSDRadix,900,206,1948
random,MSDRadixQuick,900,151,4051
random,QuickSort,1000,113,32338
random,MergeSort,1000,734,11687
random,StringQuickSort,1000,124,10569
random,StringMergeSort,1000,771,20929
random,MSDRadix,1000,227,2181
random,MSDRadixQuick,1000,150,4651
random,QuickSort,1100,130,35021
random,MergeSort,1100,850,13038
random,StringQuickSort,1100,134,11726
random,StringMergeSort,1100,875,23471
random,MSDRadix,1100,264,2396
random,MSDRadixQuick,1100,161,5292
random,QuickSort,1200,154,39333
random,MergeSort,1200,939,14565
random,StringQuickSort,1200,166,13041
random,StringMergeSort,1200,960,25947
random,MSDRadix,1200,273,2632
random,MSDRadixQuick,1200,187,5912
random,QuickSort,1300,152,40227
random,MergeSort,1300,1188,16103
random,StringQuickSort,1300,218,14672
random,StringMergeSort,1300,1356,28611
random,MSDRadix,1300,412,2880
random,MSDRadixQuick,1300,299,6568
random,QuickSort,1400,210,43673
random,MergeSort,1400,1118,17642
random,StringQuickSort,1400,185,15233
random,StringMergeSort,1400,1406,31164
random,MSDRadix,1400,461,3128
random,MSDRadixQuick,1400,221,7268
random,QuickSort,1500,189,49558
random,MergeSort,1500,1192,19175
random,StringQuickSort,1500,192,16616
random,StringMergeSort,1500,1264,34044
random,MSDRadix,1500,357,3364
random,MSDRadixQuick,1500,247,7933
random,QuickSort,1600,211,53009
random,MergeSort,1600,1293,20785
random,StringQuickSort,1600,227,18353
random,StringMergeSort,1600,1350,36622
random,MSDRadix,1600,385,3610
random,MSDRadixQuick,1600,268,8561
random,QuickSort,1700,228,57031
random,MergeSort,1700,1389,22405
random,StringQuickSort,1700,226,18885
random,StringMergeSort,1700,1450,39364
random,MSDRadix,1700,400,3863
random,MSDRadixQuick,1700,294,9371
random,QuickSort,1800,227,59921
random,MergeSort,1800,1485,23945
random,StringQuickSort,1800,240,20368
random,StringMergeSort,1800,1543,41962
random,MSDRadix,1800,458,4108
random,MSDRadixQuick,1800,300,10096
random,QuickSort,1900,254,64418
random,MergeSort,1900,1603,25622
random,StringQuickSort,1900,254,21047
random,StringMergeSort,1900,1639,44697
random,MSDRadix,1900,476,4376
random,MSDRadixQuick,1900,303,10815
random,QuickSort,2000,267,65173
random,MergeSort,2000,1661,27244
random,StringQuickSort,2000,278,23353
random,StringMergeSort,2000,1780,47496
random,MSDRadix,2000,534,4625
random,MSDRadixQuick,2000,342,11497
random,QuickSort,2100,299,71808
random,MergeSort,2100,2151,28887
random,StringQuickSort,2100,285,24099
random,StringMergeSort,2100,1852,50176
random,MSDRadix,2100,581,4874
random,MSDRadixQuick,2100,384,12339
random,QuickSort,2200,299,76054
random,MergeSort,2200,1888,30536
random,StringQuickSort,2200,305,26291
random,StringMergeSort,2200,1974,53216
random,MSDRadix,2200,592,5118
random,MSDRadixQuick,2200,372,12969
random,QuickSort,2300,314,80210
random,MergeSort,2300,1980,32227
random,StringQuickSort,2300,321,27276
random,StringMergeSort,2300,2080,56041
random,MSDRadix,2300,621,5375
random,MSDRadixQuick,2300,408,13779
random,QuickSort,2400,332,80527
random,MergeSort,2400,2081,33966
random,StringQuickSort,2400,339,29391
random,StringMergeSort,2400,2177,58754
random,MSDRadix,2400,665,5640
random,MSDRadixQuick,2400,419,14562
random,QuickSort,2500,349,87574
random,MergeSort,2500,2188,35664
random,StringQuickSort,2500,352,29191
random,StringMergeSort,2500,2311,61641
random,MSDRadix,2500,702,5887
random,MSDRadixQuick,2500,448,15403
random,QuickSort,2600,363,93511
random,MergeSort,2600,2302,37443
random,StringQuickSort,2600,377,31623
random,StringMergeSort,2600,2368,64449
random,MSDRadix,2600,740,6152
random,MSDRadixQuick,2600,462,16126
random,QuickSort,2700,377,93513
random,MergeSort,2700,2426,39206
random,StringQuickSort,2700,388,32979
random,StringMergeSort,2700,2502,67486
random,MSDRadix,2700,769,6417
random,MSDRadixQuick,2700,482,16977
random,QuickSort,2800,405,99444
random,MergeSort,2800,2491,40886
random,StringQuickSort,2800,395,33736
random,StringMergeSort,2800,2583,70410
random,MSDRadix,2800,816,6691
random,MSDRadixQuick,2800,484,17698
random,QuickSort,2900,425,103143
random,MergeSort,2900,2586,42758
random,StringQuickSort,2900,427,34836
random,StringMergeSort,2900,2706,73172
random,MSDRadix,2900,822,6961
random,MSDRadixQuick,2900,518,18500
random,QuickSort,3000,433,107139
random,MergeSort,3000,2697,44472
random,StringQuickSort,3000,427,35830
random,StringMergeSort,3000,2828,76728
random,MSDRadix,3000,894,7227
random,MSDRadixQuick,3000,541,19286
reverse,QuickSort,100,5,3965
reverse,MergeSort,100,39,590
reverse,StringQuickSort,100,10,680
reverse,StringMergeSort,100,35,1344
reverse,MSDRadix,100,23,229
reverse,MSDRadixQuick,100,15,583
reverse,QuickSort,200,10,8621
reverse,MergeSort,200,92,1314
reverse,StringQuickSort,200,16,1611
reverse,StringMergeSort,200,93,2928
reverse,MSDRadix,200,49,470
reverse,MSDRadixQuick,200,40,1230
reverse,QuickSort,300,14,9314
reverse,MergeSort,300,162,2097
reverse,StringQuickSort,300,25,2487
reverse,StringMergeSort,300,160,4684
reverse,MSDRadix,300,75,701
reverse,MSDRadixQuick,300,44,1914
reverse,QuickSort,400,22,17980
reverse,MergeSort,400,227,2838
reverse,StringQuickSort,400,34,3465
reverse,StringMergeSort,400,234,6294
reverse,MSDRadix,400,100,950
reverse,MSDRadixQuick,400,60,2534
reverse,QuickSort,500,24,8927
reverse,MergeSort,500,294,3747
reverse,StringQuickSort,500,41,4453
reverse,StringMergeSort,500,290,7742
reverse,MSDRadix,500,135,1195
reverse,MSDRadixQuick,500,74,3173
reverse,QuickSort,600,30,19037
reverse,MergeSort,600,364,4472
reverse,StringQuickSort,600,52,5696
reverse,StringMergeSort,600,384,9926
reverse,MSDRadix,600,159,1440
reverse,MSDRadixQuick,600,92,3778
reverse,QuickSort,700,41,30881
reverse,MergeSort,700,448,5262
reverse,StringQuickSort,700,64,6717
reverse,StringMergeSort,700,448,11876
reverse,MSDRadix,700,194,1691
reverse,MSDRadixQuick,700,105,4436
reverse,QuickSort,800,49,36150
reverse,MergeSort,800,511,6097
reverse,StringQuickSort,800,73,8286
reverse,StringMergeSort,800,541,13456
reverse,MSDRadix,800,211,1942
reverse,MSDRadixQuick,800,122,5128
reverse,QuickSort,900,48,28269
reverse,MergeSort,900,575,7035
reverse,StringQuickSort,900,85,9398
reverse,StringMergeSort,900,601,15084
reverse,MSDRadix,900,240,2202
reverse,MSDRadixQuick,900,131,5741
reverse,QuickSort,1000,50,18780
reverse,MergeSort,1000,671,8017
reverse,StringQuickSort,1000,95,10100
reverse,StringMergeSort,1000,678,16514
reverse,MSDRadix,1000,268,2444
reverse,MSDRadixQuick,1000,152,6392
reverse,QuickSort,1100,53,26233
reverse,MergeSort,1100,876,8768
reverse,StringQuickSort,1100,110,11417
reverse,StringMergeSort,1100,776,18790
reverse,MSDRadix,1100,297,2693
reverse,MSDRadixQuick,1100,162,7168
reverse,QuickSort,1200,63,37302
reverse,MergeSort,1200,827,9483
reverse,StringQuickSort,1200,114,12899
reverse,StringMergeSort,1200,856,20936
reverse,MSDRadix,1200,322,2918
reverse,MSDRadixQuick,1200,182,7754
reverse,QuickSort,1300,78,52246
reverse,MergeSort,1300,913,10430
reverse,StringQuickSort,1300,123,14066
reverse,StringMergeSort,1300,932,23234
reverse,MSDRadix,1300,348,3161
reverse,MSDRadixQuick,1300,200,8446
reverse,QuickSort,1400,91,63812
reverse,MergeSort,1400,999,11197
reverse,StringQuickSort,1400,131,15102
reverse,StringMergeSort,1400,1039,25080
reverse,MSDRadix,1400,369,3414
reverse,MSDRadixQuick,1400,227,8992
reverse,QuickSort,1500,116,78148
reverse,MergeSort,1500,1073,12079
reverse,StringQuickSort,1500,151,16506
reverse,StringMergeSort,1500,1115,26644
reverse,MSDRadix,1500,419,3646
reverse,MSDRadixQuick,1500,231,9662
reverse,QuickSort,1600,102,75468
reverse,MergeSort,1600,1157,13059
reverse,StringQuickSort,1600,154,17753
reverse,StringMergeSort,1600,1195,28640
reverse,MSDRadix,1600,460,3888
reverse,MSDRadixQuick,1600,242,10301
reverse,QuickSort,1700,106,66406
reverse,MergeSort,1700,1240,13869
reverse,StringQuickSort,1700,162,19141
reverse,StringMergeSort,1700,1285,30318
reverse,MSDRadix,1700,472,4134
reverse,MSDRadixQuick,1700,267,11010
reverse,QuickSort,1800,126,58546
reverse,MergeSort,1800,1322,14996
reverse,StringQuickSort,1800,172,20285
reverse,StringMergeSort,1800,1356,32068
reverse,MSDRadix,1800,486,4383
reverse,MSDRadixQuick,1800,303,11586
reverse,QuickSort,1900,97,48358
reverse,MergeSort,1900,1413,16015
reverse,StringQuickSort,1900,193,22556
reverse,StringMergeSort,1900,1447,33488
reverse,MSDRadix,1900,514,4624
reverse,MSDRadixQuick,1900,358,12225
reverse,QuickSort,2000,128,39750
reverse,MergeSort,2000,1580,17073
reverse,StringQuickSort,2000,199,22877
reverse,StringMergeSort,2000,1557,35082
reverse,MSDRadix,2000,569,4871
reverse,MSDRadixQuick,2000,313,12876
reverse,QuickSort,2100,110,42004
reverse,MergeSort,2100,1638,17969
reverse,StringQuickSort,2100,203,23973
reverse,StringMergeSort,2100,1714,37070
reverse,MSDRadix,2100,623,5109
reverse,MSDRadixQuick,2100,347,13557
reverse,QuickSort,2200,123,54182
reverse,MergeSort,2200,1863,18605
reverse,StringQuickSort,2200,236,24901
reverse,StringMergeSort,2200,1728,39686
reverse,MSDRadix,2200,661,5359
reverse,MSDRadixQuick,2200,369,14198
reverse,QuickSort,2300,130,66583
reverse,MergeSort,2300,1763,19478
reverse,StringQuickSort,2300,274,27157
reverse,StringMergeSort,2300,1855,41996
reverse,MSDRadix,2300,714,5606
reverse,MSDRadixQuick,2300,652,14816
reverse,QuickSort,2400,146,77997
reverse,MergeSort,2400,1964,20175
reverse,StringQuickSort,2400,239,28056
reverse,StringMergeSort,2400,1941,44298
reverse,MSDRadix,2400,718,5851
reverse,MSDRadixQuick,2400,407,15458
reverse,QuickSort,2500,160,93706
reverse,MergeSort,2500,1980,21217
reverse,StringQuickSort,2500,262,29798
reverse,StringMergeSort,2500,2237,46654
reverse,MSDRadix,2500,762,6090
reverse,MSDRadixQuick,2500,412,16064
reverse,QuickSort,2600,179,105758
reverse,MergeSort,2600,2049,22063
reverse,StringQuickSort,2600,277,31206
reverse,StringMergeSort,2600,2130,48830
reverse,MSDRadix,2600,813,6348
reverse,MSDRadixQuick,2600,433,16883
reverse,QuickSort,2700,204,117923
reverse,MergeSort,2700,2298,22790
reverse,StringQuickSort,2700,302,33270
reverse,StringMergeSort,2700,2321,50674
reverse,MSDRadix,2700,872,6594
reverse,MSDRadixQuick,2700,476,17411
reverse,QuickSort,2800,207,132008
reverse,MergeSort,2800,2350,23710
reverse,StringQuickSort,2800,306,33636
reverse,StringMergeSort,2800,2563,52698
reverse,MSDRadix,2800,896,6832
reverse,MSDRadixQuick,2800,519,17954
reverse,QuickSort,2900,237,143180
reverse,MergeSort,2900,2371,24805
reverse,StringQuickSort,2900,302,35869
reverse,StringMergeSort,2900,2370,55014
reverse,MSDRadix,2900,884,7076
reverse,MSDRadixQuick,2900,521,18622
reverse,QuickSort,3000,240,156036
reverse,MergeSort,3000,2628,25784
reverse,StringQuickSort,3000,320,37080
reverse,StringMergeSort,3000,2606,56398
reverse,MSDRadix,3000,1063,7315
reverse,MSDRadixQuick,3000,553,19245
nearly,QuickSort,100,4,4338
nearly,MergeSort,100,33,687
nearly,StringQuickSort,100,12,728
nearly,StringMergeSort,100,35,1212
nearly,MSDRadix,100,23,253
nearly,MSDRadixQuick,100,15,647
nearly,QuickSort,200,11,7788
nearly,MergeSort,200,86,1576
nearly,StringQuickSort,200,16,1559
nearly,StringMergeSort,200,94,2844
nearly,MSDRadix,200,51,506
nearly,MSDRadixQuick,200,28,1261
nearly,QuickSort,300,17,10685
nearly,MergeSort,300,147,2608
nearly,StringQuickSort,300,31,2658
nearly,StringMergeSort,300,151,4752
nearly,MSDRadix,300,73,754
nearly,MSDRadixQuick,300,42,1899
nearly,QuickSort,400,26,16467
nearly,MergeSort,400,220,3450
nearly,StringQuickSort,400,36,3518
nearly,StringMergeSort,400,206,6272
nearly,MSDRadix,400,94,999
nearly,MSDRadixQuick,400,64,2527
nearly,QuickSort,500,30,18170
nearly,MergeSort,500,266,4396
nearly,StringQuickSort,500,47,4562
nearly,StringMergeSort,500,284,8592
nearly,MSDRadix,500,107,1233
nearly,MSDRadixQuick,500,71,3209
nearly,QuickSort,600,45,23892
nearly,MergeSort,600,344,5867
nearly,StringQuickSort,600,54,5585
nearly,StringMergeSort,600,355,10796
nearly,MSDRadix,600,127,1466
nearly,MSDRadixQuick,600,94,3812
nearly,QuickSort,700,56,25566
nearly,MergeSort,700,431,6964
nearly,StringQuickSort,700,70,6819
nearly,StringMergeSort,700,449,12636
nearly,MSDRadix,700,151,1717
nearly,MSDRadixQuick,700,102,4544
nearly,QuickSort,800,72,31058
nearly,MergeSort,800,466,7888
nearly,StringQuickSort,800,73,7786
nearly,StringMergeSort,800,494,14521
nearly,MSDRadix,800,175,1957
nearly,MSDRadixQuick,800,122,5181
nearly,QuickSort,900,65,34554
nearly,MergeSort,900,643,8936
nearly,StringQuickSort,900,80,9169
nearly,StringMergeSort,900,579,16330
nearly,MSDRadix,900,198,2202
nearly,MSDRadixQuick,900,144,5732
nearly,QuickSort,1000,72,31804
nearly,MergeSort,1000,639,9979
nearly,StringQuickSort,1000,91,10440
nearly,StringMergeSort,1000,698,19469
nearly,MSDRadix,1000,230,2443
nearly,MSDRadixQuick,1000,145,6452
nearly,QuickSort,1100,97,40833
nearly,MergeSort,1100,736,11416
nearly,StringQuickSort,1100,108,11619
nearly,StringMergeSort,1100,780,21476
nearly,MSDRadix,1100,250,2677
nearly,MSDRadixQuick,1100,173,7040
nearly,QuickSort,1200,93,44751
nearly,MergeSort,1200,804,12482
nearly,StringQuickSort,1200,121,12631
nearly,StringMergeSort,1200,812,22900
nearly,MSDRadix,1200,271,2924
nearly,MSDRadixQuick,1200,191,7749
nearly,QuickSort,1300,98,50868
nearly,MergeSort,1300,899,13905
nearly,StringQuickSort,1300,127,14216
nearly,StringMergeSort,1300,906,25302
nearly,MSDRadix,1300,315,3174
nearly,MSDRadixQuick,1300,207,8389
nearly,QuickSort,1400,107,54417
nearly,MergeSort,1400,1001,15069
nearly,StringQuickSort,1400,139,15604
nearly,StringMergeSort,1400,973,27460
nearly,MSDRadix,1400,310,3413
nearly,MSDRadixQuick,1400,200,9036
nearly,QuickSort,1500,124,70228
nearly,MergeSort,1500,1040,16264
nearly,StringQuickSort,1500,151,16451
nearly,StringMergeSort,1500,1090,30024
nearly,MSDRadix,1500,363,3662
nearly,MSDRadixQuick,1500,234,9712
nearly,QuickSort,1600,126,69284
nearly,MergeSort,1600,1107,17308
nearly,StringQuickSort,1600,156,17987
nearly,StringMergeSort,1600,1144,31927
nearly,MSDRadix,1600,344,3894
nearly,MSDRadixQuick,1600,230,10275
nearly,QuickSort,1700,128,69690
nearly,MergeSort,1700,1186,18678
nearly,StringQuickSort,1700,176,19773
nearly,StringMergeSort,1700,1239,34386
nearly,MSDRadix,1700,438,4137
nearly,MSDRadixQuick,1700,262,10930
nearly,QuickSort,1800,131,57978
nearly,MergeSort,1800,1393,19375
nearly,StringQuickSort,1800,187,20976
nearly,StringMergeSort,1800,1315,35917
nearly,MSDRadix,1800,402,4379
nearly,MSDRadixQuick,1800,256,11522
nearly,QuickSort,1900,134,60892
nearly,MergeSort,1900,1375,20644
nearly,StringQuickSort,1900,200,21954
nearly,StringMergeSort,1900,1408,39110
nearly,MSDRadix,1900,435,4626
nearly,MSDRadixQuick,1900,291,12250
nearly,QuickSort,2000,154,59703
nearly,MergeSort,2000,1446,21627
nearly,StringQuickSort,2000,202,23206
nearly,StringMergeSort,2000,1551,41772
nearly,MSDRadix,2000,477,4864
nearly,MSDRadixQuick,2000,330,12908
nearly,QuickSort,2100,156,63996
nearly,MergeSort,2100,1558,22947
nearly,StringQuickSort,2100,205,24375
nearly,StringMergeSort,2100,1593,43688
nearly,MSDRadix,2100,524,5091
nearly,MSDRadixQuick,2100,365,13401
nearly,QuickSort,2200,163,73971
nearly,MergeSort,2200,1657,24718
nearly,StringQuickSort,2200,230,26625
nearly,StringMergeSort,2200,1765,45847
nearly,MSDRadix,2200,509,5333
nearly,MSDRadixQuick,2200,366,14157
nearly,QuickSort,2300,183,85446
nearly,MergeSort,2300,1710,25396
nearly,StringQuickSort,2300,244,27073
nearly,StringMergeSort,2300,1878,46349
nearly,MSDRadix,2300,566,5573
nearly,MSDRadixQuick,2300,377,14842
nearly,QuickSort,2400,187,88027
nearly,MergeSort,2400,1783,26881
nearly,StringQuickSort,2400,253,28730
nearly,StringMergeSort,2400,1855,48383
nearly,MSDRadix,2400,566,5801
nearly,MSDRadixQuick,2400,394,15369
nearly,QuickSort,2500,205,97122
nearly,MergeSort,2500,2005,28044
nearly,StringQuickSort,2500,281,29824
nearly,StringMergeSort,2500,1979,50196
nearly,MSDRadix,2500,587,6042
nearly,MSDRadixQuick,2500,415,16034
nearly,QuickSort,2600,214,104297
nearly,MergeSort,2600,2036,29953
nearly,StringQuickSort,2600,267,30545
nearly,StringMergeSort,2600,2093,53139
nearly,MSDRadix,2600,627,6292
nearly,MSDRadixQuick,2600,420,16690
nearly,QuickSort,2700,194,110022
nearly,MergeSort,2700,2162,31117
nearly,StringQuickSort,2700,304,33263
nearly,StringMergeSort,2700,2574,56600
nearly,MSDRadix,2700,640,6535
nearly,MSDRadixQuick,2700,437,17349
nearly,QuickSort,2800,204,129696
nearly,MergeSort,2800,2255,32205
nearly,StringQuickSort,2800,305,33287
nearly,StringMergeSort,2800,2319,58130
nearly,MSDRadix,2800,626,6777
nearly,MSDRadixQuick,2800,426,17880
nearly,QuickSort,2900,204,135862
nearly,MergeSort,2900,2257,33635
nearly,StringQuickSort,2900,309,35390
nearly,StringMergeSort,2900,2331,59020
nearly,MSDRadix,2900,641,7022
nearly,MSDRadixQuick,2900,451,18706
nearly,QuickSort,3000,219,158754
nearly,MergeSort,3000,2280,34438
nearly,StringQuickSort,3000,311,36023
nearly,StringMergeSort,3000,2379,62846
nearly,MSDRadix,3000,640,7268
nearly,MSDRadixQuick,3000,444,19306
